threads,sequential_time,openmp_static_time,openmp_dynamic_time,pthreads_time,speedup_openmp_static,speedup_openmp_dynamic,speedup_pthreads,efficiency_openmp_static,efficiency_openmp_dynamic,efficiency_pthreads
1,0.000261298,0.000219675,0.000222909,0.000150886,1.189474,1.172216,1.731758,1.189474,1.172216,1.731758
2,0.000261298,0.000834754,0.000266905,0.000223282,0.313024,0.978991,1.170257,0.156512,0.489495,0.585129
4,0.000261298,0.000153264,0.000177833,0.000208664,1.704880,1.469346,1.252242,0.426220,0.367336,0.313060
8,0.000261298,0.000174983,0.000207403,0.000445860,1.493273,1.259852,0.586053,0.186659,0.157481,0.073257
12,0.000261298,0.000197391,0.000226885,0.001416527,1.323759,1.151676,0.184463,0.110313,0.095973,0.015372
16,0.000261298,0.000215994,0.000311203,0.000718233,1.209746,0.839638,0.363806,0.075609,0.052477,0.022738
24,0.000261298,0.000261915,0.000329735,0.000799372,0.997644,0.792447,0.326878,0.041568,0.033019,0.013620
